id,prioridad,caso,precondiciones,pasos,resultado_esperado,dispositivo,SO,version_build,cuenta,resultado,evidencia,dueño,origen
O-01,P0,Arranque en frío,App instalada desde TestFlight / pista interna con el build objetivo; app cerrada (forzar cierre desde el selector de apps),1) Forzar cierre de NIVL. 2) Abrir desde el icono. 3) Cronometrar hasta ver Acceso u Hoy. 4) Repetir tras reiniciar el teléfono.,Abre sin cierre inesperado ni pantalla en blanco; llega a Acceso (sin sesión) u Hoy (con sesión) en menos de ~5 s; sin errores visibles,,,,Cualquiera,[ ] PASS [ ] FAIL,,Usuario / Chat 4,QA-FISICA.csv; Chat1-A1
O-02,P0,Registro y confirmación,Correo de prueba desechable nunca usado; red estable,"1) Acceso → pestaña «CREAR CUENTA». 2) Rellenar nombre, correo y contraseña de prueba. 3) Pulsar crear cuenta. 4) Completar la confirmación requerida. 5) Cerrar sesión. 6) Entrar con la nueva cuenta.",Cuenta creada; confirmación clara; tras cerrar sesión se puede volver a entrar; no se muestran datos de otra cuenta,,,,Desechable nueva,[ ] PASS [ ] FAIL,,Usuario / Chat 3,QA-FISICA.csv; Chat1-A2
O-03,P0,"Login cuenta D y cuentas de revisión (Gratis, Pro, Élite) por «Entrar con cuenta NIVL»","Credenciales de revisión fuera del repositorio (App Store Connect / gestor privado). NO aceptar edad, salud ni IA en nombre de Apple",1) Acceso → «¿Cuenta antigua de NIVL? Entrar con ella». 2) Entrar con cada cuenta de revisión (las 3 de cuentas-demo.md del Chat 1; credenciales fuera del repo). 3) Comprobar que llega a la app. 4) Cerrar sesión sin modificar consentimientos. 5) Repetir con la cuenta D.,Login correcto; la cuenta conserva su estado; no se ha preaceptado ningún consentimiento,,,,Revisoras (no borrar) + D,[ ] PASS [ ] FAIL,,Usuario / Chat 1,QA-FISICA.csv; Chat1-A3
O-04,P0,Permisos salud e IA rechazados: funciones generales accesibles,Cuenta de prueba sin consentimiento de salud ni de IA,"1) Abrir un módulo de salud (p. ej. Coach o Gimnasio). 2) Ver la casilla desmarcada y el botón desactivado. 3) Pulsar «Ahora no». 4) Ir a Hoy, completar una misión general. 5) Abrir Coach y comprobar que no envía nada a IA sin aceptar.","Casilla inicialmente desmarcada; «Ahora no» cierra sin bloquear; misiones, hábitos, agenda y campañas siguen funcionando",,,,Desechable,[ ] PASS [ ] FAIL,,Usuario / Chat 3-4,QA-FISICA.csv; Chat1-A5
O-05,P0,Permisos salud e IA aceptados explícitamente (por separado),Cuenta de prueba sin consentimientos,1) Perfil → «Salud y bienestar» → «Revisar permiso de salud». 2) Marcar la casilla y pulsar «Aceptar y activar salud». 3) Comprobar que la IA sigue sin aceptar. 4) En Coach aceptar por separado con «Acepto y activo el coach». 5) Enviar un mensaje no sensible.,Cada permiso se acepta por separado; aceptar salud no activa la IA ni al revés; el coach responde solo tras su aceptación,,,,Desechable,[ ] PASS [ ] FAIL,,Usuario / Chat 3-4,QA-FISICA.csv; Chat1-A5
O-06,P0,Misión y progreso (primera misión) + hábito,Cuenta nueva tras onboarding; anotar XP total del Perfil,"1) Completar onboarding (edad, perfil de uso). 2) Crear una misión general. 3) En Hoy, completarla. 4) Ver la animación/aviso de XP. 5) Marcar un hábito en «Hábitos». 6) Ir a Perfil y anotar XP total. 7) Forzar cierre y reabrir.",La misión queda completada una sola vez; XP del Perfil sube exactamente lo anunciado; el estado persiste tras reabrir,,,,Desechable,[ ] PASS [ ] FAIL,,Usuario / Chat 5,QA-FISICA.csv; Chat1-A4
O-07,P0,Campaña y agenda,Cuenta de prueba con sesión,1) Campañas → crear campaña/proyecto. 2) Agenda → crear evento hoy. 3) Cambiar vista día/semana. 4) Reabrir la app.,"Campaña y evento se guardan, se ven en ambas vistas y persisten tras reabrir; los estados vacíos no parpadean de forma engañosa",,,,Desechable,[ ] PASS [ ] FAIL,,Usuario / Chat 4,QA-FISICA.csv; Chat1-A4
O-08,P0,Compra sandbox y acceso servidor,Cuenta sandbox de Apple configurada en Ajustes del iPhone (o tester de licencia en Play); cuenta NIVL de prueba sin Pro. Mock StoreKit o simulador NO valen,1) Perfil → fila «NIVL Pro». 2) Elegir plan Pro mensual. 3) Completar compra en la hoja de StoreKit sandbox. 4) Volver a NIVL. 5) Comprobar insignia/acceso y enviar un mensaje al Coach. 6) Forzar cierre y reabrir.,"La hoja nativa muestra producto y precio reales; tras pagar, NIVL activa Pro por el servidor (no solo una pantalla de éxito); el acceso persiste tras reabrir",,,,Desechable + sandbox,[ ] PASS [ ] FAIL,,Usuario / Chat 2,QA-FISICA.csv; Chat1-A7
O-09,P0,Planes: nombre duración precio y enlaces legales,Cuenta sin Pro; red estable,"COMPROBACIÓN PREVIA (no grabar si falla): en Perfil → «NIVL Pro» (/pro) NO debe aparecer «Algún plan no está disponible…» (si aparece, la offering de RevenueCat no devuelve los 5 → FAIL de A6/O-09). 1) Perfil → «NIVL Pro». 2) Alternar «Pro» y «Élite». 3) Revisar cada plan: nombre, duración y precio en moneda de la tienda. 4) Abrir «Términos de uso» y volver. 5) Abrir «Política de privacidad» y volver.","Cada plan muestra título, duración y precio real de la tienda; no aparecen precios de referencia antes de cargar; ambos enlaces abren y se puede volver a la app; si aparece «Algún plan no está disponible…» → FAIL",,,,Desechable o revisora,[ ] PASS [ ] FAIL,,Usuario / Chat 2,QA-FISICA.csv; Chat1-A6
O-10,P0,Restauración tras reinstalación,O-08 en PASS con la misma cuenta sandbox,1) Borrar la app del teléfono. 2) Reinstalar desde TestFlight. 3) Entrar con la misma cuenta NIVL. 4) Pulsar «Restaurar compras».,"El acceso Pro vuelve y es efectivo (coach usable), no solo un mensaje",,,,Desechable + sandbox,[ ] PASS [ ] FAIL,,Usuario / Chat 2,QA-FISICA.csv; Chat1-A8
O-11,P0,Restauración tras borrar y recrear cuenta,O-08 en PASS; RevenueCat Restore Behavior revisado por el coordinador,1) Borrar la cuenta NIVL que compró (O-16). 2) Crear una cuenta NIVL nueva. 3) Con la misma cuenta sandbox de Apple pulsar «Restaurar compras». 4) Comprobar acceso efectivo.,La compra se transfiere a la nueva cuenta y el acceso se activa en servidor; los datos de la cuenta borrada NO reaparecen,,,,Desechable recreada + sandbox,[ ] PASS [ ] FAIL,,Usuario / Chat 2,QA-FISICA.csv; Chat1-B6
O-12,P0,Coach respuesta real no sensible,Cuenta con IA aceptada y Pro/trial activo,1) Coach → enviar «Ayúdame a organizar mi día de mañana». 2) Esperar respuesta. 3) Comprobar energía restante.,Respuesta real y coherente en tiempo razonable; sin errores; la energía se descuenta,,,,Desechable,[ ] PASS [ ] FAIL,,Usuario / Chat 3,QA-FISICA.csv; Chat1-A5
O-13,P0,Denuncia y bloqueo (solicitudes amigos y ludus),Dos cuentas de prueba amigas o solicitud pendiente; nunca usuarios reales,1) Perfil → «Amigos». 2) Tres puntos sobre el usuario de prueba. 3) Elegir motivo → «Enviar denuncia». 4) «Bloquear usuario» → «Bloquear». 5) Comprobar que desaparece de amigos/ranking/ludus. 6) «Convivencia y seguridad» → «Desbloquear».,Confirmación de denuncia registrada; el bloqueado desaparece de las superficies; se puede desbloquear; existe «Contactar con soporte»,,,,Dos desechables,[ ] PASS [ ] FAIL,,Usuario / Chat 3-4,QA-FISICA.csv; Chat1-A9
O-14,P0,Retirada de permisos sin nuevas llamadas IA,Cuenta con IA aceptada,1) Perfil → «Datos y la IA» → «Envío de datos al coach» → «Retirar». 2) Ir a Coach e intentar enviar un mensaje. 3) Perfil → «Salud y bienestar» → «Retirar y borrar salud» → confirmar.,"Tras retirar, el coach no envía mensajes a IA y pide nueva aceptación; la retirada de salud borra/oculta datos de salud",,,,Desechable,[ ] PASS [ ] FAIL,,Usuario / Chat 3,QA-FISICA.csv
O-15,P1,Exportación de datos,Cuenta con algunos datos,1) Perfil → sección «Cuenta» → «Exportar mis datos». 2) Compartir/guardar el archivo. 3) Abrirlo.,Se genera un archivo legible con los datos de la cuenta; no incluye datos de otras cuentas,,,,Desechable,[ ] PASS [ ] FAIL,,Usuario / Chat 3,QA-FISICA.csv
O-16,P0,Borrado de cuenta desechable (Auth BD y Storage),Cuenta desechable con al menos una foto subida (avatar o evidencia). NUNCA la revisora ni las del ludus demo,"1) Perfil → «Cuenta» → «Eliminar cuenta». 2) «Eliminar para siempre» en la hoja. 3) «Eliminar para siempre» en la alerta. 4) Volver a Acceso. 5) Intentar entrar con esa cuenta. 6) Pedir al coordinador la comprobación de servidor (Auth, tablas, Storage).",Vuelve a Acceso; las credenciales borradas no entran; no reaparecen datos; servidor sin filas ni archivos (comprobación del coordinador),,,,Desechable,[ ] PASS [ ] FAIL,,Usuario / Chat 3,QA-FISICA.csv; Chat1-A10
O-17,P0,Modo avión al abrir la app y al comprar: error recuperable sin pantalla bloqueada,Sesión iniciada,1) Activar modo avión. 2) Abrir la app en frío y navegar por pestañas. 3) Intentar completar una misión. 4) Perfil → «NIVL Pro» → intentar comprar. 5) Desactivar modo avión y reintentar.,"Mensaje de error comprensible, sin bloqueo ni pantalla en blanco; la compra no se cobra ni queda a medias; al reconectar funciona y no se duplica",,,,Desechable,[ ] PASS [ ] FAIL,,Usuario / Chat 4-5,QA-FISICA.csv; Chat1-B5
O-18,P1,Regreso desde enlaces legales y segundo arranque,Sesión iniciada,1) Abrir Términos y Privacidad desde la app. 2) Volver. 3) Forzar cierre y reabrir.,Se vuelve a la misma pantalla; el segundo arranque no repite onboarding ni pierde sesión,,,,Desechable,[ ] PASS [ ] FAIL,,Usuario / Chat 4,QA-FISICA.csv
O-19,P0,Permisos de cámara fotos y notificaciones denegados sin bloqueo,Permisos sin conceder en Ajustes del SO,1) Intentar subir foto de perfil/evidencia y denegar. 2) Denegar notificaciones al pedirlas. 3) Seguir usando la app.,Mensaje claro; la app sigue usable; ofrece ir a Ajustes sin forzar,,,,Desechable,[ ] PASS [ ] FAIL,,Usuario / Chat 4,QA-FISICA.csv; Chat1-B7
O-20,P2,Texto grande y VoiceOver/TalkBack en consentimiento compra y controles sociales,Tamaño de texto máximo de accesibilidad; VoiceOver/TalkBack activable,"1) Abrir hoja de salud, consentimiento IA, NIVL Pro y menú de denuncia. 2) Recorrerlos con lector de pantalla.","Textos no cortados; botones alcanzables; etiquetas leídas con sentido (casilla, plan seleccionado, precio)",,,,Desechable,[ ] PASS [ ] FAIL,,Usuario / Chat 4,QA-FISICA.csv
O-21,P1,Enlace profundo con app cerrada y vuelta desde segundo plano,App cerrada; un enlace nivl:// o https://nivl.app/c/… de prueba,"1) Con la app cerrada, tocar el enlace / una notificación. 2) Comprobar la ruta abierta. 3) Enviar la app a segundo plano 5 min y volver.",Abre la ruta correcta tras el arranque; al volver de segundo plano mantiene estado y sesión,,,,Desechable,[ ] PASS [ ] FAIL,,Usuario / Chat 4,QA-FISICA.csv
O-22,P1,Cancelación renovación caducidad y devolución sandbox reflejadas en acceso,O-08 en PASS; renovaciones aceleradas de sandbox,"1) Ajustes del iPhone → suscripciones sandbox → cancelar. 2) Esperar caducidad acelerada. 3) Reabrir NIVL. 4) Si es posible, simular devolución.","Al caducar o devolverse, NIVL retira el acceso de pago tras la reconciliación; los datos gratuitos se conservan",,,,Desechable + sandbox,[ ] PASS [ ] FAIL,,Usuario / Chat 2,QA-FISICA.csv
A-11,P0,Cuentas Pro y Élite de revisión ven sus funciones sin comprar,Cuentas de revisión Pro y Élite (cuentas-demo.md del Chat 1; credenciales fuera del repo). No aceptar consentimientos en su nombre salvo lo que indique el Chat 1,"1) Entrar con la cuenta Pro de revisión. 2) Perfil → «NIVL Pro»: se ve el plan activo. 3) Coach accesible (tras su consentimiento). 4) Repetir con la Élite: insignia, modo profundo y «Tu ludus» en Amigos.",Cada cuenta ve las funciones de su nivel sin pasar por compra; ninguna pantalla pide pagar lo que ya tiene,iPhone,iOS 27.0.1 o posterior,,Revisoras Pro/Élite,[ ] PASS [ ] FAIL,,Usuario / Chat 1-2,Chat1-A11
D-01,P0,"iPhone pequeño: paywall, consentimientos y borrado sin texto cortado",iPhone SE o mini con iOS 27; build [BUILD],1) Abrir NIVL Pro y recorrer los 5 planes. 2) Abrir hoja de salud y consentimiento de IA. 3) Abrir la hoja de «Eliminar cuenta» y cancelar. 4) Repetir con texto grande.,Ningún texto cortado ni botón tapado; todo alcanzable con scroll,"iPhone pequeño (4,7–6,1"")",iOS 27,,Desechable,[ ] PASS [ ] FAIL,,Usuario / Chat 4,Chat1-B1
D-02,P0,iPhone grande: las mismas pantallas,Pro Max o Plus con iOS 27,Pasos de D-01.,Igual que D-01,"iPhone grande (6,7–6,9"")",iOS 27,,Desechable,[ ] PASS [ ] FAIL,,Usuario / Chat 4,Chat1-B2
D-03,P0 si hay dispositivo,iOS mínimo realista (build declara minOS 15.1): arranque y login,El iPhone más antiguo disponible. SI NO HAY: anotar NO PROBADO con motivo; entonces no bloquea,1) Instalar [BUILD] desde TestFlight. 2) Arranque en frío. 3) Login con cuenta de prueba. 4) Abrir Hoy y Perfil.,Arranca y entra sin cierres,iPhone antiguo,iOS ___ (el más bajo disponible),,Desechable,[ ] PASS [ ] FAIL [ ] NO PROBADO (motivo),,Usuario / Chat 4,Chat1-B3
D-04,P0,iPad en modo compatibilidad iPhone (supportsTablet=false),Cualquier iPad con la misma cuenta TestFlight; cuenta sandbox,1) Instalar [BUILD] desde TestFlight en el iPad. 2) Arranque en frío. 3) Login. 4) NIVL Pro: planes y enlaces legales. 5) Compra sandbox. 6) Girar el iPad.,"Arranca, entra, muestra el paywall y compra sin bloqueos ni pantallas cortadas (Apple puede revisar en iPad)",iPad,iPadOS ___,,Desechable + sandbox,[ ] PASS [ ] FAIL,,Usuario / Chat 4,Chat1-B4
W-01,P0,Cierre de día con penalización en dos dispositivos a la vez,Misma cuenta desechable en iPhone y Android (o dos teléfonos); ayer con misiones obligatorias SIN completar; anotar XP total,1) Dejar ambas apps cerradas tras la medianoche. 2) Abrir NIVL en los dos teléfonos a la vez (en el mismo segundo). 3) En ambos ir a Hoy. 4) Anotar el XP total en Perfil de cada teléfono. 5) Contar las «Misión de penalización» de hoy.,Una sola penalización aplicada (XP restado una vez) y UNA sola «Misión de penalización»; ambos teléfonos muestran el mismo XP,iPhone + Android,,,Desechable,[ ] PASS [ ] FAIL,,Usuario / Chat 5,Chat 5 Winter Arc
W-02,P0,Medianoche: abrir Hoy y cambiar de pestaña rápido con días pendientes,Cuenta desechable con 1–2 días sin completar misiones; app cerrada desde antes de medianoche,"1) Tras medianoche abrir la app. 2) Nada más ver Hoy, tocar rápido Coach → Hoy → Perfil → Hoy varias veces. 3) Bajar y contar las misiones de penalización. 4) Anotar XP antes (si se conocía) y después.",No hay dos «Misión de penalización» iguales para el mismo día; la penalización se resta una sola vez,,,,Desechable,[ ] PASS [ ] FAIL,,Usuario / Chat 5,Chat 5 Winter Arc
W-03,P0,Gimnasio con misión enlazada: XP total antes/después,Misión enlazada a gimnasio activa hoy y sin completar; anotar XP total del Perfil,1) Perfil: anotar XP total (A). 2) Hoy → Gimnasio → registrar una sesión. 3) Anotar el XP que anuncia la confirmación. 4) Ver la misión enlazada marcada y su XP. 5) Perfil: anotar XP total (B).,B − A coincide con lo que la app comunica (sin sumar dos veces la misión); la misión queda completada una sola vez,,,,Desechable,[ ] PASS [ ] FAIL,,Usuario / Chat 5,Chat 5 Winter Arc
W-04,P0,Diario con misión enlazada: XP total antes/después,Misión enlazada a diario activa hoy y sin completar,1) Perfil: XP total (A). 2) Diario → escribir y guardar. 3) Anotar XP de la alerta. 4) Ver la misión enlazada. 5) Perfil: XP total (B). 6) Editar la entrada de hoy y guardar otra vez; XP (C).,B − A igual al XP anunciado; editar la entrada no vuelve a pagar (C = B),,,,Desechable,[ ] PASS [ ] FAIL,,Usuario / Chat 5,Chat 5 Winter Arc
W-05,P1,Cardio con misión enlazada,Misión enlazada a cardio activa hoy,1) XP (A). 2) Registrar cardio. 3) XP (B). 4) Registrar un segundo cardio el mismo día. 5) XP (C).,La misión se paga una sola vez; el segundo registro no duplica la misión,,,,Desechable,[ ] PASS [ ] FAIL,,Usuario / Chat 5,Chat 5 Winter Arc
W-06,P1,Nutrición/dieta con misión enlazada,Misión enlazada a nutrición activa hoy,1) XP (A). 2) Registrar comida. 3) XP (B). 4) Registrar otra comida. 5) XP (C).,Pago único de la misión; XP coherente con el anuncio,,,,Desechable,[ ] PASS [ ] FAIL,,Usuario / Chat 5,Chat 5 Winter Arc
W-07,P1,Peso con misión enlazada,Misión enlazada a peso activa hoy,1) XP (A). 2) Registrar peso. 3) XP (B). 4) Corregir el peso del mismo día. 5) XP (C).,Pago único; corregir el registro no vuelve a pagar,,,,Desechable,[ ] PASS [ ] FAIL,,Usuario / Chat 5,Chat 5 Winter Arc
W-08,P0,Doble toque al completar misión,Misión sin completar; anotar XP,1) XP (A). 2) Tocar dos veces muy rápido el botón de completar. 3) XP (B). 4) Forzar cierre y reabrir; XP (C).,Una sola completion; B − A = XP de una misión; C = B,,,,Desechable,[ ] PASS [ ] FAIL,,Usuario / Chat 5,Chat 5 Winter Arc
W-09,P0,"Modo avión al registrar (misión, gimnasio, diario)",Sesión iniciada; anotar XP,"1) XP (A). 2) Activar modo avión. 3) Intentar completar misión y guardar gimnasio/diario. 4) Anotar mensajes. 5) Desactivar modo avión, reintentar una vez. 6) XP (B) y reabrir.",Sin modo avión: error claro y nada se da por guardado si no se guardó; al reconectar se guarda una vez; ni pérdida ni doble pago,,,,Desechable,[ ] PASS [ ] FAIL,,Usuario / Chat 5,Chat 5 Winter Arc
W-10,P1,Cambio de hora europeo 25/10/2026 (03:00 CEST → 02:00 CET),Zona Europa/Madrid automática; misiones del sábado 24/10 completadas parcialmente; anotar XP la noche del 24,"1) Sábado 24/10 antes de dormir: anotar XP, racha y misiones pendientes. 2) Domingo 25/10 por la mañana abrir la app. 3) Revisar cierre del sábado, racha, penalización y fechas de Hoy/Agenda. 4) Comprobar hora de recordatorios.",Un solo cierre del sábado; ni día perdido ni duplicado; misiones de hoy fechadas el 25; recordatorios a su hora local nueva,,,,Desechable,[ ] PASS [ ] FAIL,,Usuario / Chat 5,Chat 5 Winter Arc
W-11,P1,Vuelta tras 14 días de ausencia,Cuenta desechable sin abrir 14 días (o preparada por el coordinador con last_day_processed antiguo),1) Anotar XP antes de la ausencia. 2) Abrir tras 14 días. 3) Leer el mensaje de cierre. 4) Contar penalizaciones y misiones de recuperación. 5) XP después.,"Penalización con tope según reglas del juego, sin duplicados; mensaje de vuelta no humillante; un único camino de recuperación",,,,Desechable,[ ] PASS [ ] FAIL,,Usuario / Chat 5,Chat 5 Winter Arc
W-12,P2,Vuelta tras 30 días de ausencia,Igual que W-11 con 30 días,Igual que W-11.,Igual que W-11; la app no tarda de forma anómala en abrir,,,,Desechable,[ ] PASS [ ] FAIL,,Usuario / Chat 5,Chat 5 Winter Arc
W-13,P1,Medianoche: completar a las 23:59 y a las 00:01,Misión diaria activa,1) Completar una misión a las 23:59. 2) Esperar a las 00:01 sin cerrar la app. 3) Ir a Hoy (o reabrir). 4) Ver que la misión de hoy vuelve a estar pendiente y el cierre de ayer la cuenta como hecha.,La completion de las 23:59 cuenta para ayer; hoy empieza limpio; sin penalización por esa misión,,,,Desechable,[ ] PASS [ ] FAIL,,Usuario / Chat 5,Chat 5 Winter Arc
W-14,P2,Cambio de zona horaria (viaje),Desactivar hora automática y cambiar zona a otra (p. ej. Atlántico/Canarias o América),1) Anotar XP y día en Hoy. 2) Cambiar la zona del teléfono. 3) Reabrir la app. 4) Restaurar zona.,No se cierra dos veces el mismo día ni se salta uno; fechas coherentes,,,,Desechable,[ ] PASS [ ] FAIL,,Usuario / Chat 5,Chat 5 Winter Arc
W-15,P0,Recuperación: completar la misión de penalización,Existe una «Misión de penalización» de hoy,1) XP (A). 2) Completarla. 3) XP (B). 4) Intentar completarla otra vez / doble toque.,Se devuelve el XP de recuperación una sola vez; no se puede cobrar dos veces,,,,Desechable,[ ] PASS [ ] FAIL,,Usuario / Chat 5,Chat 5 Winter Arc
W-16,P1,"Android: arranque, login y primera misión",APK/AAB de pista interna con versión/build anotados (un export Expo NO vale),1) Instalar desde Play pista interna. 2) Arranque en frío. 3) Login con cuenta de prueba. 4) Completar una misión y comprobar XP. 5) Botón atrás del sistema en varias pantallas.,Igual que O-01/O-06; el botón atrás no cierra la app de forma inesperada ni pierde datos,Android,,,Desechable,[ ] PASS [ ] FAIL,,Usuario / Chat 4-5,Chat 5 Winter Arc
W-17,P1,Notificaciones permitidas: recordatorio y apertura,Permiso de notificaciones concedido; recordatorio configurado a +2 min,1) Configurar recordatorio. 2) Cerrar la app. 3) Tocar la notificación al llegar.,Llega a su hora; abre la ruta correcta; no se duplican recordatorios,,,,Desechable,[ ] PASS [ ] FAIL,,Usuario / Chat 4,Chat 5 Winter Arc
W-18,P1,Android: compra y restauración en Play (tester de licencia),Cuenta Google de tester de licencia; build de pista interna,1) Comprar Pro mensual de prueba. 2) Comprobar acceso. 3) Desinstalar/reinstalar y restaurar.,Acceso efectivo por servidor; restauración funciona,Android,,,Desechable + tester,[ ] PASS [ ] FAIL,,Usuario / Chat 2,Chat 5 Winter Arc
W-19,P1,Hoy abierta antes de medianoche y misión tocada después,Una misión programada SOLO para el día de hoy (p. ej. solo los viernes) sin completar; dejar Hoy abierta (sin cerrar la app) desde las 23:55,1) Anotar XP (A). 2) Esperar a pasar las 00:00 sin recargar Hoy. 3) Tocar la misión y completarla. 4) Leer el aviso. 5) XP (B).,"Aviso «El día ha cambiado. Vuelve a abrir Hoy para ver las misiones de hoy.»; no se paga (B = A). Nota: una misión diaria (todos los días) sí se completa con la fecha nueva, y eso es correcto",,,,Desechable,[ ] PASS [ ] FAIL,,Usuario / Chat 5,Chat 5 Winter Arc (d0682a6)
W-20,P1,Misión de penalización de ayer tocada hoy,Existe una «Misión de penalización» de ayer sin completar; Hoy abierta desde ayer (sin recargar) tras medianoche,"1) XP (A). 2) Pasada la medianoche, tocar la misión de penalización de ayer y completar. 3) Leer el aviso. 4) XP (B).",Aviso de caducada («…caducó a medianoche: la pérdida ya se consolidó.»); no se paga (B = A),,,,Desechable,[ ] PASS [ ] FAIL,,Usuario / Chat 5,Chat 5 Winter Arc (d0682a6)
W-21,P0,Rechazar salud y empezar la prueba de 7 días,Cuenta desechable sin prueba usada; consentimiento de salud RECHAZADO; servidor con 0035,1) Perfil → retirar/rechazar salud. 2) Abrir NIVL Pro. 3) Tocar «Probar el coach 7 días».,La prueba se inicia (sin error); el consentimiento de salud no afecta a la prueba,,,,Desechable,[ ] PASS [ ] FAIL,,Usuario / Chat 2,Chat 5 + Chat 2 (P0 0030 trigger events; corregido en 0035)
W-22,P0,Rechazar salud y comprar en sandbox / restaurar,Cuenta sandbox de Apple; salud rechazada; build con tienda abierta,1) Rechazar salud. 2) Comprar un plan en sandbox. 3) Borrar e instalar. 4) Restaurar compras.,Compra y restauración funcionan igual que con salud aceptada; sin cargos reales,,,,Sandbox,[ ] PASS [ ] FAIL,,Usuario / Chat 2,Chat 2
CAP-01,P0,Captura de revisión: Pro mensual (nivl_pro_mensual),"Build final con el paywall candidato del Chat 2 (@b11c2d2 o posterior); StoreKit sandbox; iPhone 6,9"" (1320×2868)","COMPROBACIÓN PREVIA (no grabar si falla): en Perfil → «NIVL Pro» (/pro) NO debe aparecer «Algún plan no está disponible…» (si aparece, la offering de RevenueCat no devuelve los 5 → FAIL de A6/O-09). 1) Abrir SIEMPRE desde Perfil → «NIVL Pro» (/pro), nunca desde el último paso del onboarding (ahí los 5 no caben sin desplazar). 2) Seleccionar Pro mensual. 3) Capturar con título, periodo, precio, botón de compra, «Restaurar compras», letra de renovación y enlaces a Términos, Privacidad y EULA de Apple visibles (uno o dos encuadres).","Captura limpia sin datos personales; coincide con el producto de App Store Connect; no muestra el paywall antiguo («−36 %», «4 meses gratis»)","iPhone 6,9""",,,Revisión/Demo,[ ] PASS [ ] FAIL,,Usuario / Chat 1,Chat 1 (capturas de revisión)
CAP-02,P0,Captura de revisión: Pro anual (nivl_pro_anual),"Build final con el paywall candidato del Chat 2 (@b11c2d2 o posterior); StoreKit sandbox; iPhone 6,9"" (1320×2868)","COMPROBACIÓN PREVIA (no grabar si falla): en Perfil → «NIVL Pro» (/pro) NO debe aparecer «Algún plan no está disponible…» (si aparece, la offering de RevenueCat no devuelve los 5 → FAIL de A6/O-09). 1) Abrir SIEMPRE desde Perfil → «NIVL Pro» (/pro), nunca desde el último paso del onboarding (ahí los 5 no caben sin desplazar). 2) Seleccionar Pro anual. 3) Capturar con título, periodo, precio, botón de compra, «Restaurar compras», letra de renovación y enlaces a Términos, Privacidad y EULA de Apple visibles (uno o dos encuadres).","Captura limpia sin datos personales; coincide con el producto de App Store Connect; no muestra el paywall antiguo («−36 %», «4 meses gratis»)","iPhone 6,9""",,,Revisión/Demo,[ ] PASS [ ] FAIL,,Usuario / Chat 1,Chat 1 (capturas de revisión)
CAP-03,P0,Captura de revisión: Élite mensual (nivl_elite_mensual),"Build final con el paywall candidato del Chat 2 (@b11c2d2 o posterior); StoreKit sandbox; iPhone 6,9"" (1320×2868)","COMPROBACIÓN PREVIA (no grabar si falla): en Perfil → «NIVL Pro» (/pro) NO debe aparecer «Algún plan no está disponible…» (si aparece, la offering de RevenueCat no devuelve los 5 → FAIL de A6/O-09). 1) Abrir SIEMPRE desde Perfil → «NIVL Pro» (/pro), nunca desde el último paso del onboarding (ahí los 5 no caben sin desplazar). 2) Seleccionar Élite mensual. 3) Capturar con título, periodo, precio, botón de compra, «Restaurar compras», letra de renovación y enlaces a Términos, Privacidad y EULA de Apple visibles (uno o dos encuadres).","Captura limpia sin datos personales; coincide con el producto de App Store Connect; no muestra el paywall antiguo («−36 %», «4 meses gratis»)","iPhone 6,9""",,,Revisión/Demo,[ ] PASS [ ] FAIL,,Usuario / Chat 1,Chat 1 (capturas de revisión)
CAP-04,P0,Captura de revisión: Élite anual (nivl_elite_anual),"Build final con el paywall candidato del Chat 2 (@b11c2d2 o posterior); StoreKit sandbox; iPhone 6,9"" (1320×2868)","COMPROBACIÓN PREVIA (no grabar si falla): en Perfil → «NIVL Pro» (/pro) NO debe aparecer «Algún plan no está disponible…» (si aparece, la offering de RevenueCat no devuelve los 5 → FAIL de A6/O-09). 1) Abrir SIEMPRE desde Perfil → «NIVL Pro» (/pro), nunca desde el último paso del onboarding (ahí los 5 no caben sin desplazar). 2) Seleccionar Élite anual. 3) Capturar con título, periodo, precio, botón de compra, «Restaurar compras», letra de renovación y enlaces a Términos, Privacidad y EULA de Apple visibles (uno o dos encuadres).","Captura limpia sin datos personales; coincide con el producto de App Store Connect; no muestra el paywall antiguo («−36 %», «4 meses gratis»)","iPhone 6,9""",,,Revisión/Demo,[ ] PASS [ ] FAIL,,Usuario / Chat 1,Chat 1 (capturas de revisión)
CAP-05,P0,Captura de revisión: Élite fundador (nivl_elite_fundador),"Build final con el paywall candidato del Chat 2 (@b11c2d2 o posterior); StoreKit sandbox; iPhone 6,9"" (1320×2868)","COMPROBACIÓN PREVIA (no grabar si falla): en Perfil → «NIVL Pro» (/pro) NO debe aparecer «Algún plan no está disponible…» (si aparece, la offering de RevenueCat no devuelve los 5 → FAIL de A6/O-09). 1) Abrir SIEMPRE desde Perfil → «NIVL Pro» (/pro), nunca desde el último paso del onboarding (ahí los 5 no caben sin desplazar). 2) Seleccionar Élite fundador. 3) Capturar con título, periodo, precio, botón de compra, «Restaurar compras», letra de renovación y enlaces a Términos, Privacidad y EULA de Apple visibles (uno o dos encuadres).","Captura limpia sin datos personales; coincide con el producto de App Store Connect; no muestra el paywall antiguo («−36 %», «4 meses gratis»)","iPhone 6,9""",,,Revisión/Demo,[ ] PASS [ ] FAIL,,Usuario / Chat 1,Chat 1 (capturas de revisión)
CH1-01,,(reservado Chat 1 · Tiendas),,,,,,,,[ ] PASS [ ] FAIL,,Chat 1,reservado
CH2-01,,(reservado Chat 2 · Compras),,,,,,,,[ ] PASS [ ] FAIL,,Chat 2,reservado
CH3-01,,(reservado Chat 3 · Seguridad y datos),,,,,,,,[ ] PASS [ ] FAIL,,Chat 3,reservado
CH4-01,,(reservado Chat 4 · Experiencia y web),,,,,,,,[ ] PASS [ ] FAIL,,Chat 4,reservado
