caso,dispositivo,iOS,version_build,resultado,evidencia
Arranque en frío,,,,PENDIENTE,
Registro y confirmación,,,,PENDIENTE,
Login cuenta revisora NIVL,,,,PENDIENTE,
Permisos salud e IA rechazados: funciones generales accesibles,,,,PENDIENTE,
Permisos salud e IA aceptados explícitamente,,,,PENDIENTE,
Misión y progreso,,,,PENDIENTE,
Campaña y agenda,,,,PENDIENTE,
Compra sandbox y acceso servidor,,,,PENDIENTE,
Planes nombre duración precio legal,,,,PENDIENTE,
Restauración tras reinstalación,,,,PENDIENTE,
Restauración tras borrar y recrear cuenta,,,,PENDIENTE,
Coach respuesta real no sensible,,,,PENDIENTE,
Denuncia y bloqueo solicitudes amigos y ludus,,,,PENDIENTE,
Retirada de permisos sin nuevas llamadas IA,,,,PENDIENTE,
Exportación de datos,,,,PENDIENTE,
Borrado de cuenta desechable Auth BD y Storage,,,,PENDIENTE,
Modo avión error recuperable sin pantalla bloqueada,,,,PENDIENTE,
Regreso desde enlaces legales y segundo arranque,,,,PENDIENTE,
